timestamp,ax,ay,az,gx,gy,gz,raw_pressure,lat,lng,gps_speed
0,4.83920734172507,-4.074920352157891,11.1521617667745,0.0,0.0,0.0,540,42.895,47.6202,0.0
100,0.5666856316139208,1.0591767391577886,10.16592743180325,0.0,0.0,0.0,485,42.894999795022315,47.62023005423302,0.1603563474387528
200,5.29244720116931,3.26719356918081,6.987047597433845,0.0,0.0,0.0,514,42.894999180257315,47.62026003301119,0.3207126948775056
300,4.802062427897067,2.1697548098224155,8.394786701187678,0.0,0.0,0.0,512,42.894998156209056,47.620289861069125,0.48106904231625836
400,6.377602275633466,4.173204902415065,11.863132383212532,0.0,0.0,0.0,514,42.89499672371716,47.6203194635198,0.6414253897550112
501,2.2780382964414563,3.992010865223627,10.413421831410592,0.0,0.0,0.0,521,42.89499488395616,47.62034876604264,0.801781737193764
601,3.874322314918879,6.766517887368906,9.420696456301677,0.0,0.0,0.0,536,42.89499263843447,47.62037769507006,0.9621380846325167
701,5.508883007988542,5.107442062346868,13.195795704728354,0.0,0.0,0.0,517,42.89498998899324,47.620406177972185,1.1224944320712695
801,4.962382858426203,10.531471455502128,13.130472762638643,0.0,0.0,0.0,521,42.89498693780477,47.62043414323919,1.2828507795100224
902,8.179533400474124,1.0721041926460106,9.197916031877872,0.0,0.0,0.0,514,42.89498348737075,47.62046152066083,1.443207126948775
1002,-0.6746607819323618,4.538641535685593,10.781963195928695,0.0,0.0,0.0,505,42.89497964052024,47.62048824150274,1.603563474387528
1102,10.710326280884173,0.4622375315309304,10.726794209518278,0.0,0.0,0.0,513,42.89497540040731,47.62051423867896,1.7639198218262806
1202,7.191997913813508,6.499440997195961,7.871584513834171,0.0,0.0,0.0,519,42.89497077050848,47.620539446920375,1.9242761692650334
1302,4.614031407803221,2.744472224463164,11.735967910668109,0.0,0.0,0.0,504,42.89496575461985,47.62056380293861,2.084632516703786
1403,1.9467021673088354,8.291974796003036,7.128247216409816,0.0,0.0,0.0,515,42.89496035685399,47.62058724558489,2.244988864142539
1503,3.6685156900026543,2.5724137759471963,5.991568246495255,0.0,0.0,0.0,493,42.894954581636604,47.62060971600357,2.4053452115812917
1603,6.946873158791179,3.0278301257410787,10.712824112190743,0.0,0.0,0.0,519,42.894948433702844,47.620631157779904,2.5657015590200447
1703,4.295175025814189,9.519700282757329,10.168125502419338,0.0,0.0,0.0,495,42.894941918093465,47.62065151708168,2.7260579064587973
1804,2.8951945478667986,8.714576371497607,9.620163404940357,0.0,0.0,0.0,537,42.8949350401507,47.62067074279437,2.88641425389755
1904,1.3165676569100344,-1.2288840287400191,13.049734001657871,0.0,0.0,0.0,507,42.89492780551383,47.62068878664946,3.046770601336303
2004,9.170982914470539,1.1328733501516624,9.258555782377186,0.0,0.0,0.0,535,42.89492022011463,47.62070560334564,3.207126948775056
2104,1.2221489669069512,9.27379703659478,9.82990587301887,0.0,0.0,0.0,545,42.89491229017243,47.62072115066252,3.3674832962138086
2204,4.067293915598633,5.274125623291157,8.373345806953171,0.0,0.0,0.0,526,42.89490402218909,47.62073538956666,3.527839643652561
2305,-1.6900221709680903,8.420373808975226,10.058429082671342,0.0,0.0,0.0,535,42.89489542294361,47.62074828430954,3.688195991091314
2405,3.4469253083623066,13.30610644325193,11.35279514442034,0.0,0.0,0.0,503,42.89488649948661,47.62075980251733,3.848552338530067
2505,6.997965474272309,8.6469138787258,12.1969551045867,0.0,0.0,0.0,481,42.894877259134525,47.62076991527214,4.008908685968819
2605,3.4707613345999047,8.762094634246063,7.108276961238474,0.0,0.0,0.0,511,42.894867709463625,47.620778597184675,4.169265033407572
2706,3.540311415106566,10.397057603979489,8.40936281340529,0.0,0.0,0.0,548,42.89485785830378,47.62078582645791,4.3296213808463255
2806,1.02488858215452,4.325491335550962,8.85156038682101,0.0,0.0,0.0,543,42.89484771373206,47.620791584941884,4.489977728285078
2906,0.9988080087290796,9.068576247790544,9.45078121937051,0.0,0.0,0.0,508,42.894837284066114,47.6207958581792,4.650334075723831
3006,0.652154091271729,10.151753612581384,11.11425007215898,0.0,0.0,0.0,497,42.89482657785734,47.62079863544138,4.810690423162583
3106,4.130390565618409,10.549161449201792,14.59380534671938,0.0,0.0,0.0,518,42.89481560388386,47.62079990975576,4.971046770601337
3207,6.341736988505735,3.6729493069209243,10.841791323094052,0.0,0.0,0.0,493,42.89480437114337,47.620799677923024,5.131403118040089
3307,3.9901737211144597,5.98276314268875,8.775451750776076,0.0,0.0,0.0,498,42.894792888845714,47.620797940525215,5.291759465478842
3407,1.747767311959207,13.966048578787579,7.69355221376285,0.0,0.0,0.0,551,42.89478116640534,47.62079470192428,5.452115812917595
3507,-1.7563103213301468,12.910697865412914,9.965675530401061,0.0,0.0,0.0,519,42.8947692134336,47.62078997025113,5.612472160356347
3608,4.418712392984599,8.240757335624371,13.693768193515812,0.0,0.0,0.0,508,42.89475703973088,47.62078375738521,5.7728285077951
3708,3.4808036526340143,3.1754578204929924,12.47586627342207,0.0,0.0,0.0,498,42.894744655278515,47.62077607892468,5.933184855233852
3808,2.6579580016720774,6.616650623965716,11.032524579279846,0.0,0.0,0.0,522,42.89473207023066,47.62076695414726,6.093541202672606
3908,0.23993196562246455,4.388784131706343,9.17511059806802,0.0,0.0,0.0,552,42.894719294905926,47.620756405961814,6.2538975501113585
4008,1.6607653714673334,15.936367940392387,10.264247533620475,0.0,0.0,0.0,552,42.89470633977894,47.62074446085088,6.414253897550112
4109,-0.5617197830494112,1.6641795247553457,7.50128281494486,0.0,0.0,0.0,508,42.894693215471754,47.620731148804104,6.574610244988865
4209,-0.6805432467593774,5.430747554208614,10.8144667134543,0.0,0.0,0.0,534,42.89467993274513,47.620716503243024,6.734966592427617
4309,-5.364039614192541,10.885809665443775,10.448883269040424,0.0,0.0,0.0,531,42.894666502489706,47.620700560937124,6.89532293986637
4409,0.4501725985963611,10.035572727005237,9.414788182222921,0.0,0.0,0.0,534,42.894652935717104,47.62068336191151,7.055679287305122
4510,0.6832844323484177,8.527790563217524,8.03961000053651,0.0,0.0,0.0,513,42.89463924355086,47.620664949346455,7.216035634743875
4610,0.033578209021261324,10.99137800760133,10.148209086007114,0.0,0.0,0.0,524,42.894625437217336,47.62064536946897,7.376391982182628
4710,1.7929756753558086,8.274857198572953,10.779733157827474,0.0,0.0,0.0,516,42.89461152803649,47.62062467143673,7.53674832962138
4810,1.1594457641769025,11.56661651440358,6.730870394930791,0.0,0.0,0.0,542,42.89459752741261,47.62060290721469,7.697104677060134
4910,1.7232359670451585,9.74796062011891,11.58153505774914,0.0,0.0,0.0,505,42.894583446824946,47.62058013144461,7.857461024498886
5011,-1.7192713478775778,6.03972315513313,14.114167511660593,0.0,0.0,0.0,537,42.894569297818336,47.62055640130785,8.017817371937639
5111,-0.3877169136528222,6.079304092202681,7.830899120090501,0.0,0.0,0.0,531,42.8945550919937,47.62053177638184,8.178173719376392
5211,3.074409069406037,11.40172626079483,11.048060723917342,0.0,0.0,0.0,546,42.89454084099855,47.62050631849047,8.338530066815144
5311,-2.7830778194772847,12.702333290705278,10.475069421273618,0.0,0.0,0.0,547,42.89452655651743,47.62048009154891,8.498886414253898
5412,-0.5654769191028302,4.384560932600112,7.993664727165415,0.0,0.0,0.0,507,42.89451225026232,47.62045316140313,8.659242761692651
5512,-1.6728147780739049,2.5770291957002556,12.278200019344094,0.0,0.0,0.0,551,42.8944979339631,47.62042559566454,8.819599109131405
5612,-4.233622220965922,-3.70815440700834,9.107347750494622,0.0,0.0,0.0,541,42.89448361935785,47.62039746354034,8.979955456570156
5712,-3.2715778799978743,3.0134300824926314,9.22285040892453,0.0,0.0,0.0,544,42.894469318183255,47.62036883565967,9.14031180400891
5812,-4.383048127231991,4.949397315159871,6.593383718046402,0.0,0.0,0.0,524,42.89445504216502,47.620339783896334,9.300668151447661
5913,-4.456502488699064,-0.6786390862977387,12.3771818851725,0.0,0.0,0.0,529,42.89444080300819,47.62031038118836,9.461024498886415
6013,-0.824912190746051,3.1057115661900925,9.384073912119424,0.0,0.0,0.0,507,42.89442661238761,47.62028070135486,9.621380846325167
6113,-0.7067766434497069,-3.2493697530315213,8.286678494975078,0.0,0.0,0.0,531,42.894412481938325,47.6202508189107,9.78173719376392
6213,0.9228371282654568,1.8102448959300055,9.520927622514217,0.0,0.0,0.0,523,42.894398423246045,47.62022080887942,9.942093541202674
6314,-2.443015842298386,3.6823572347041766,7.411551993853275,0.0,0.0,0.0,526,42.89438444783763,47.620190746604884,10.102449888641425
6414,-7.153967398249912,0.49197819052098746,10.325717617794199,0.0,0.0,0.0,549,42.89437056717168,47.62016070756214,10.262806236080179
6514,-0.34480812933500493,0.9312367717423444,6.088996898397644,0.0,0.0,0.0,552,42.89435679262909,47.62013076716789,10.42316258351893
6614,-2.9015261075713368,0.3545744760457705,11.331288422732632,0.0,0.0,0.0,534,42.89434313550377,47.62010100059117,10.583518930957684
6714,-2.0346964223201027,0.5589027590491349,8.575399134764886,0.0,0.0,0.0,542,42.89432960699333,47.62007148256462,10.743875278396436
6815,-0.7965011244950504,-0.8640346012210505,8.900122060845412,0.0,0.0,0.0,553,42.89431621818996,47.620042287196874,10.90423162583519
6915,-4.082532717219687,-0.8219168748646908,11.523507774674282,0.0,0.0,0.0,539,42.89430298007126,47.62001348778649,11.064587973273943
7015,-7.132979506959188,2.0053574687216535,10.791372768806303,0.0,0.0,0.0,559,42.89428990349133,47.619985156637924,11.224944320712694
7115,-0.11134543052523727,-8.34259097822511,8.781453458000765,0.0,0.0,0.0,549,42.89427699917177,47.61995736488,11.385300668151448
7216,-4.487237293692699,-6.159054663518463,8.092557065401762,0.0,0.0,0.0,525,42.894264277693,47.61993018228735,11.5456570155902
7316,-1.805353956136086,-11.110770279332096,12.199675400778201,0.0,0.0,0.0,562,42.89425174948548,47.619903677105206,11.706013363028953
7416,-0.9370687693460984,-7.053494873531013,6.743428739051563,0.0,0.0,0.0,543,42.89423942482122,47.61987791587808,11.866369710467705
7516,-0.8758596385181168,-9.944161087298939,12.471406480755983,0.0,0.0,0.0,547,42.89422731380536,47.619852963282696,12.02672605790646
7616,-4.45372907984006,-6.159254860260665,10.281498383185726,0.0,0.0,0.0,543,42.894215426367836,47.61982888196561,12.187082405345212
7717,-0.46247603498477297,-9.833698748584547,7.086725201072859,0.0,0.0,0.0,516,42.894203772255295,47.619805732385935,12.347438752783965
7817,-6.66610135116502,-13.338798544751414,11.46699324610453,0.0,0.0,0.0,555,42.894192361023066,47.619783572663515,12.507795100222717
7917,0.8047383617064452,-7.9323719490891405,6.581464580197899,0.0,0.0,0.0,558,42.89418120202734,47.61976245843307,12.66815144766147
8017,-4.079657111706501,-10.19304943092633,8.259408149768559,0.0,0.0,0.0,530,42.8941703044175,47.61974244270447,12.828507795100224
8118,-2.6050660704984794,-4.555689395462929,10.184695888850257,0.0,0.0,0.0,547,42.89415967712861,47.61972357572966,12.988864142538976
8218,-2.7051318783993294,-0.29822337491733997,8.445644301107933,0.0,0.0,0.0,541,42.89414932887411,47.61970590487648,13.14922048997773
8318,-3.3666591973759914,-11.957574403795748,10.386297518660925,0.0,0.0,0.0,557,42.89413926813862,47.61968947450979,13.30957683741648
8418,-3.951033879210398,-3.81096815768098,9.359248172766858,0.0,0.0,0.0,533,42.89412950317108,47.61967432588005,13.469933184855234
8518,-8.265379672943148,-12.978984149278046,9.549923240153019,0.0,0.0,0.0,521,42.894120041977864,47.619660497019744,13.630289532293986
8619,-0.901383514229702,-8.588606038146741,6.153051461715895,0.0,0.0,0.0,537,42.89411089231631,47.61964802264792,13.79064587973274
8719,-7.73295202660743,-3.068042885885509,9.421345591931363,0.0,0.0,0.0,552,42.89410206168834,47.61963693408304,13.951002227171493
8819,-4.593113169384538,-13.215846835162022,11.175369695144276,0.0,0.0,0.0,525,42.894093557334266,47.6196272591643,14.111358574610245
8919,-2.0290646697428176,-12.82360114740721,8.560607341988046,0.0,0.0,0.0,544,42.894085386226905,47.61961902218176,14.271714922048998
9020,-4.510632845199318,-3.7785320103562308,10.549126442920969,0.0,0.0,0.0,572,42.89407755506583,47.61961224381538,14.43207126948775
9120,-3.99482522749407,-9.51665744918479,11.52014296160121,0.0,0.0,0.0,533,42.8940700702719,47.61960694108309,14.592427616926505
9220,-7.70699193845509,-10.110429249753919,7.871564808176777,0.0,0.0,0.0,517,42.89406293798197,47.61960312729805,14.752783964365255
9320,-5.531442425987951,0.3477579190995286,11.92054772066569,0.0,0.0,0.0,540,42.894056164043896,47.61960081203523,14.91314031180401
9420,-9.891980062886798,-4.228703454875361,8.734880519368252,0.0,0.0,0.0,546,42.8940497540117,47.619600001107386,15.07349665924276
9521,-5.381770353887499,-3.0733790604290343,12.33278065573241,0.0,0.0,0.0,563,42.894043713141016,47.61960069655045,15.233853006681516
9621,-3.710040225689111,-22.023169930291274,10.237972219376752,0.0,0.0,0.0,544,42.894038046384836,47.619602896618424,15.394209354120267
9721,-2.908610944192721,-12.314840157520441,10.53299159774472,0.0,0.0,0.0,565,42.89403275838939,47.619606595787765,15.55456570155902
9821,-3.0988875010881176,-9.134473560253817,5.878467860492038,0.0,0.0,0.0,532,42.89402785349037,47.619611784771266,15.714922048997773
9922,-4.782702103867121,-8.497096875210795,9.724435424011455,0.0,0.0,0.0,526,42.89402333570935,47.61961845054134,15.875278396436526
10022,-3.977951204416723,-11.304385552890253,8.95322637658327,0.0,0.0,0.0,550,42.89401920875051,47.61962657636275,16.035634743875278
10122,-3.465561834031932,-10.089099559282332,9.580492162639429,0.0,0.0,0.0,534,42.89401547599758,47.61963614183462,16.19599109131403
10222,-7.913887056047205,-0.7006286667749961,9.070992238993147,0.0,0.0,0.0,546,42.89401214051108,47.61964712294167,16.356347438752785
10322,-7.5107060521267845,-2.2697034870287434,9.926209256342464,0.0,0.0,0.0,550,42.89400920502583,47.61965949211447,16.51670378619154
10423,1.0637008185049943,-7.833549413152237,6.237928409174149,0.0,0.0,0.0,549,42.89400667194865,47.61967321829871,16.677060133630288
10523,-6.077246611963233,-7.250440686175968,9.938722039050603,0.0,0.0,0.0,536,42.894004543356445,47.6196882670331,16.83741648106904
10623,-0.0574243210289076,-13.503955072352571,9.31055238676522,0.0,0.0,0.0,588,42.89400282099447,47.61970460053595,16.997772828507795
10723,-1.1431519901112894,-4.841409231137769,9.34888451651317,0.0,0.0,0.0,550,42.89400150627491,47.61972217779999,17.15812917594655
10824,-5.337416892064233,-8.625522118397221,7.956097022709324,0.0,0.0,0.0,573,42.89400060027571,47.61974095469535,17.318485523385302
10924,-2.0790116529726985,-13.320997891337782,9.906506058547894,0.0,0.0,0.0,521,42.894000103739714,47.61976088408033,17.478841870824052
11024,-7.208483459100308,-4.384163375883258,10.405378434260887,0.0,0.0,0.0,545,42.894000017074035,47.61978191591975,17.63919821826281
11124,-1.8223437696781892,-6.049581646330858,12.564538652191978,0.0,0.0,0.0,570,42.894000340349734,47.61980399741061,17.79955456570156
11224,-0.14660173464824355,-10.400107951237985,9.255961964997724,0.0,0.0,0.0,553,42.89400107330175,47.61982707311459,17.959910913140313
11325,-5.911491504560061,-9.334253067093176,8.513174953135733,0.0,0.0,0.0,520,42.89400221532913,47.619851085097324,18.120267260579066
11425,-4.26477700616891,-6.954588685400106,8.264537424902507,0.0,0.0,0.0,561,42.89400376549551,47.619875973073775,18.28062360801782
11525,-2.8012331395768673,-4.070032307947849,9.972681609860636,0.0,0.0,0.0,558,42.894005722529904,47.619901674559614,18.44097995545657
11625,-5.411174334922667,-7.596315941595547,11.756862258265855,0.0,0.0,0.0,537,42.8940080848277,47.61992812502811,18.601336302895323
11726,-0.7297814403577578,-6.789818104907122,11.926168993690899,0.0,0.0,0.0,545,42.89401085045205,47.61995525807212,18.761692650334076
11826,-7.393967356824996,-5.603166259672758,12.009655849160135,0.0,0.0,0.0,539,42.894014017135355,47.61998300557079,18.92204899777283
11926,-3.9117644566145415,-4.088756840142405,10.052095927791616,0.0,0.0,0.0,537,42.89401758228124,47.62001129786062,19.08240534521158
12026,-1.1055884760826364,-11.067158873369628,9.526836437010083,0.0,0.0,0.0,581,42.894021542966605,47.62004006391035,19.242761692650333
12126,-7.049640986825774,-2.665715962451452,7.685976167050579,0.0,0.0,0.0,561,42.89402589594403,47.62006923149928,19.403118040089087
12227,-0.607726671015338,1.2139037100088617,8.641028355352391,0.0,0.0,0.0,585,42.89403063764448,47.62009872739859,19.56347438752784
12327,-0.8955057523204117,-1.6639607939463321,9.05567360281047,0.0,0.0,0.0,540,42.89403576418016,47.620128477555205,19.72383073496659
12427,-3.6608463519419847,-3.6708358813801647,9.510487630968965,0.0,0.0,0.0,521,42.89404127134778,47.6201584072777,19.884187082405347
12527,-0.4799633731381512,-4.062024959097322,5.502344032468969,0.0,0.0,0.0,560,42.894047154631956,47.62018844142383,20.044543429844097
12628,-0.7735401082159241,-2.4651507114084743,7.393224011482021,0.0,0.0,0.0,528,42.894053409208915,47.62021850458918,20.20489977728285
12728,-0.05897373313221643,5.943184783789664,11.048550801220653,0.0,0.0,0.0,546,42.89406002995047,47.620248521296496,20.3652561247216
12828,-5.743108528717711,3.289021883160604,12.942014238738931,0.0,0.0,0.0,536,42.89406701142819,47.62027841618514,20.525612472160358
12928,-3.740930477997151,-3.1855900502565655,9.766683521178528,0.0,0.0,0.0,561,42.8940743479179,47.62030811420031,20.68596881959911
13028,1.1043399122570658,-1.408064897915227,8.918852344758958,0.0,0.0,0.0,532,42.89408203340433,47.620337540781506,20.84632516703786
13129,-6.958667539318881,2.8312271745149147,8.298413018921506,0.0,0.0,0.0,555,42.89409006158606,47.62036662204968,21.006681514476615
13229,-3.9310811726072483,3.9926806238780097,8.900192959964393,0.0,0.0,0.0,553,42.89409842588071,47.62039528499273,21.167037861915368
13329,-0.9626717968500305,3.587793173258937,10.77246955990819,0.0,0.0,0.0,556,42.894107119430295,47.62042345764883,21.32739420935412
13429,-0.05014484516876938,10.707026874715954,6.780467840323352,0.0,0.0,0.0,578,42.894116135106884,47.62045106928706,21.48775055679287
13530,4.002037821022903,11.4532649501283,11.431960103166947,0.0,0.0,0.0,567,42.89412546551842,47.620478050585,21.64810690423163
13630,-4.765289187733948,15.090901596643121,9.446163460435296,0.0,0.0,0.0,572,42.89413510301481,47.620504333802806,21.80846325167038
13730,7.901657337436845,8.800094591829037,10.831143382474213,0.0,0.0,0.0,555,42.89414503969416,47.62052985295322,21.968819599109132
13830,3.063487906625659,1.1192770689561966,6.673623944142188,0.0,0.0,0.0,518,42.89415526740928,47.62055454396729,22.129175946547885
13930,3.6766256279418323,10.11485177058239,12.463202341832472,0.0,0.0,0.0,512,42.89416577777436,47.62057834485518,22.28953229398664
14031,-0.1880238016631792,7.469274026131849,13.562054078273402,0.0,0.0,0.0,575,42.894176562171836,47.62060119586185,22.44988864142539
14131,2.5067558468447877,3.407998714145055,8.884795797993297,0.0,0.0,0.0,558,42.89418761175946,47.62062303961704,22.610244988864142
14231,-1.6376085140317043,4.256977371694353,10.132669293798033,0.0,0.0,0.0,539,42.89419891747756,47.62064382127931,22.770601336302896
14331,-1.0559803566700152,5.023912156288542,9.117074821816686,0.0,0.0,0.0,601,42.894210470056464,47.62066348867375,22.93095768374165
14432,-6.399984729765931,7.04226631385599,6.878487964745524,0.0,0.0,0.0,535,42.89422226002408,47.62068199242295,23.0913140311804
14532,3.198759185451812,0.7818893762545338,5.0856397771814095,0.0,0.0,0.0,567,42.89423427771368,47.62069928607099,23.251670378619153
14632,6.302318758379891,12.854967659728084,10.528076087823191,0.0,0.0,0.0,551,42.894246513271845,47.62071532620002,23.412026726057906
14732,0.7157860590407128,6.939452623980914,15.395610683521376,0.0,0.0,0.0,552,42.894258956666505,47.62073007253934,23.57238307349666
14832,5.805676185431011,7.283264737816033,8.801939637942963,0.0,0.0,0.0,566,42.89427159769519,47.620743488066445,23.73273942093541
14933,-4.206427684687346,11.620113410159604,11.57427007569057,0.0,0.0,0.0,554,42.89428442599337,47.62075553910001,23.893095768374167
15033,-0.4269705160602315,10.72428581600525,8.884176239499778,0.0,0.0,0.0,589,42.894297431043,47.62076619538444,23.953229398663698
15133,4.687640288295967,7.319237315527152,12.997048880805513,0.0,0.0,0.0,578,42.89431060218109,47.62077543016583,23.812917594654788
15233,0.9228907431073422,9.486080727539898,8.413814738525408,0.0,0.0,0.0,572,42.8943239286085,47.620783220259106,23.67260579064588
15334,0.8283596723436961,8.275473876486014,5.502396413002226,0.0,0.0,0.0,558,42.89433739939873,47.620789546106295,23.532293986636972
15434,0.464216950975757,14.144915535869544,7.953378733294798,0.0,0.0,0.0,544,42.89435100350694,47.620794391825584,23.391982182628063
15534,1.131007748875604,9.01869632646746,8.913210786637315,0.0,0.0,0.0,564,42.89436472977898,47.620797745251195,23.251670378619156
15634,2.504689287023324,17.251496760889026,9.27915686981887,0.0,0.0,0.0,560,42.894378566960526,47.620799597963945,23.111358574610247
15734,-0.857078304487275,14.038477076287073,8.322092241256989,0.0,0.0,0.0,549,42.89439250370633,47.62079994531236,22.971046770601337
15835,0.553101153882217,9.507025467260897,8.76707592858324,0.0,0.0,0.0,563,42.8944065285895,47.620798786424395,22.830734966592427
15935,5.919417681991048,11.067298631971727,11.16639617895013,0.0,0.0,0.0,540,42.89442063011088,47.62079612420957,22.69042316258352
16035,4.04376939664979,4.7011102284278925,10.457525984800009,0.0,0.0,0.0,573,42.89443479670849,47.6207919653517,22.55011135857461
16135,-0.5736362899747478,11.41790928227352,9.395680304003353,0.0,0.0,0.0,540,42.89444901676698,47.62078632029212,22.409799554565705
16236,2.6262858979546633,5.788931545621106,7.560130559693311,0.0,0.0,0.0,550,42.894463278627164,47.62077920320343,22.26948775055679
16336,1.5129118957044025,13.023923333384088,10.236013734888335,0.0,0.0,0.0,563,42.8944775705956,47.620770631953974,22.129175946547885
16436,2.6169359311446527,5.971096021268602,5.6404393649975,0.0,0.0,0.0,564,42.89449188095415,47.62076062806291,21.988864142538976
16536,6.553005767115419,11.980582763088357,10.436487902644235,0.0,0.0,0.0,571,42.894506197969584,47.620749216646246,21.84855233853007
16636,4.919604260036847,5.442160483791243,9.158200760736209,0.0,0.0,0.0,548,42.894520509903245,47.62073642635374,21.70824053452116
16737,3.438732879285543,5.1769028765937435,11.004312094691517,0.0,0.0,0.0,561,42.89453480502061,47.620722289296985,21.56792873051225
16837,-0.9945808369755955,3.685167302032749,10.588970430161945,0.0,0.0,0.0,544,42.89454907160097,47.620706840968815,21.42761692650334
16937,3.7211489957386465,9.479534132453763,13.463519381025375,0.0,0.0,0.0,553,42.894563297946995,47.620690120154144,21.287305122494434
17037,2.5788287135349526,12.169609491723868,6.677307685846103,0.0,0.0,0.0,560,42.894577472394346,47.62067216883263,21.146993318485528
17138,3.477868871510046,1.1935575162619054,11.297645592289413,0.0,0.0,0.0,548,42.89459158332126,47.62065303207327,21.006681514476615
17238,0.5472567739942034,8.575130898609807,9.674489794434873,0.0,0.0,0.0,540,42.894605619158014,47.62063275792126,20.86636971046771
17338,5.4052927854286175,3.1383182570583035,9.961292479230382,0.0,0.0,0.0,551,42.894619568396486,47.62061139727734,20.7260579064588
17438,4.794126939121358,4.141903417347015,9.175726534116771,0.0,0.0,0.0,549,42.89463341959955,47.62058900377002,20.58574610244989
17538,2.6676990111251064,9.84918139039762,12.432299481634422,0.0,0.0,0.0,576,42.89464716141045,47.62056563362096,20.44543429844098
17639,4.01453120589286,4.076969239929435,9.589306806367427,0.0,0.0,0.0,534,42.89466078256212,47.6205413455038,20.305122494432073
17739,6.080170919782038,7.02678251733685,9.586965078540837,0.0,0.0,0.0,553,42.894674271886444,47.62051620039683,20.164810690423167
17839,5.80353354855623,5.251657890126081,11.744685420794104,0.0,0.0,0.0,548,42.894687618323374,47.62049026142993,20.024498886414253
17939,4.0068585033959545,-4.428868667754239,10.77602768013249,0.0,0.0,0.0,560,42.894700810930026,47.62046359372606,19.884187082405344
18040,5.778298593864387,5.658456280705255,11.898087456334316,0.0,0.0,0.0,554,42.89471383888963,47.62043626423776,19.743875278396438
18140,8.534196132219249,5.07664444430192,7.125163460198801,0.0,0.0,0.0,546,42.89472669152043,47.620408341579086,19.60356347438753
18240,7.872252376452591,2.091289893468028,7.777364559602746,0.0,0.0,0.0,568,42.894739358284426,47.62037989585328,19.463251670378618
18340,7.949064675689206,7.613324827219004,11.248933772682037,0.0,0.0,0.0,563,42.89475182879598,47.62035099847685,19.322939866369712
18440,3.3155393371356388,0.06378294869382994,9.33747744264537,0.0,0.0,0.0,567,42.89476409283041,47.6203217220002,19.182628062360802
18541,3.906875715155495,2.5142696832730556,10.537172864141299,0.0,0.0,0.0,554,42.894776140332276,47.62029213992552,19.042316258351896
18641,5.108649525878608,-5.423575892421417,6.83453660160931,0.0,0.0,0.0,522,42.894787961423724,47.62026232652223,18.902004454342983
18741,0.9118267869105225,7.9014266735064735,10.38300256917447,0.0,0.0,0.0,533,42.8947995464125,47.620232356640564,18.761692650334076
18841,2.9683902689584927,-1.7310852103098116,8.53294648629821,0.0,0.0,0.0,553,42.89481088579995,47.62020230552357,18.62138084632517
18942,7.4809131653266405,-1.8393301414685004,8.268416886554608,0.0,0.0,0.0,563,42.894821970288795,47.620172248618275,18.48106904231626
19042,0.4025622844931682,1.2563670807547576,8.180509200255003,0.0,0.0,0.0,579,42.89483279079073,47.620142261386235,18.34075723830735
19142,4.676262717228782,-1.7801497684853627,9.330093088856282,0.0,0.0,0.0,532,42.89484333843393,47.62011241911408,18.20044543429844
19242,5.514107015379209,1.463869802549003,11.361137393297655,0.0,0.0,0.0,513,42.89485360457025,47.62008279672449,18.060133630289535
19342,4.451656782025871,2.182187590198932,8.52899094685752,0.0,0.0,0.0,571,42.894863580782385,47.62005346858812,17.91982182628062
19443,2.1645003149492634,-8.305536214998744,11.84096983260351,0.0,0.0,0.0,551,42.89487325889072,47.620024508336854,17.779510022271715
19543,3.458029184909173,-5.608990996877543,9.05960024872635,0.0,0.0,0.0,579,42.89488263096008,47.61999598867896,17.63919821826281
19643,6.6929987820834365,1.067865613348968,10.549176693835708,0.0,0.0,0.0,555,42.894891689306206,47.61996798121655,17.4988864142539
19743,5.718280685576131,-1.4816527599115052,10.145532061379576,0.0,0.0,0.0,562,42.89490042650206,47.61994055626578,17.358574610244986
19844,2.3052142995990965,-3.7929187910774504,9.25463468361216,0.0,0.0,0.0,576,42.894908835383916,47.61991378268037,17.21826280623608
19944,4.435537389719885,-2.2461486480709567,8.314371459371268,0.0,0.0,0.0,532,42.89491690905725,47.619887727678694,17.077951002227174
20044,0.10793459453494059,-8.477504721197379,13.134968981230305,0.0,0.0,0.0,569,42.89492464090236,47.61986245667504,16.937639198218267
20144,1.8228312309860168,-4.522019020783301,6.432375631030089,0.0,0.0,0.0,562,42.89493202457984,47.61983803311535,16.797327394209354
20244,5.2297487359689985,-5.3962002295519635,5.548032506535127,0.0,0.0,0.0,542,42.89493905403571,47.61981451831797,16.657015590200444
20345,-1.2366771326742825,-2.3420586878628997,8.980287861376768,0.0,0.0,0.0,544,42.89494572350646,47.619791971319714,16.51670378619154
20445,5.148038167657662,-4.526029145481724,9.78995016845239,0.0,0.0,0.0,534,42.894952027523715,47.61977044872756,16.376391982182632
20545,3.0678688266328287,-17.466277490849563,11.784919148096195,0.0,0.0,0.0,536,42.894957960918745,47.61975000457663,16.23608017817372
20645,3.9689075220753374,-6.82738303143589,5.886979690981768,0.0,0.0,0.0,552,42.89496351882669,47.61973069019448,16.095768374164813
20746,0.523861544389491,-7.11877321014027,6.827310783653119,0.0,0.0,0.0,544,42.89496869669057,47.61971255407223,15.955456570155905
20846,7.043555641727444,-10.159605450226337,8.906595612779597,0.0,0.0,0.0,508,42.894973490264995,47.61969564174285,15.815144766146997
20946,-1.0877921894456994,-7.8421949808121445,10.19480420329871,0.0,0.0,0.0,549,42.894977895619654,47.619679995666814,15.674832962138085
21046,1.5933004209649995,-7.068994735145567,10.64182634706404,0.0,0.0,0.0,557,42.894981909142565,47.619665655125516,15.534521158129177
21146,7.445040959922682,-12.071901989628657,10.95576641657542,0.0,0.0,0.0,520,42.894985527542985,47.61965265612266,15.39420935412027
21247,-0.17253589045167494,-20.240788655692327,6.854281839890108,0.0,0.0,0.0,518,42.89498874785416,47.619641031293824,15.253897550111363
21347,3.981735880294912,3.4112143643326718,10.818452936153658,0.0,0.0,0.0,538,42.8949915674357,47.61963080982457,15.11358574610245
21447,-3.8818021628730506,-5.550374626698691,12.145662592804083,0.0,0.0,0.0,564,42.89499398397583,47.61962201737716,14.973273942093542
21547,1.032022399816852,-12.371522389276318,9.208225716576125,0.0,0.0,0.0,537,42.894995995493176,47.61961467602611,14.832962138084635
21648,0.7668770736575174,-15.53379108144735,13.52121345979904,0.0,0.0,0.0,554,42.89499760033849,47.61960880420278,14.692650334075722
21748,8.329806333271993,-7.294611422288437,6.292179552720462,0.0,0.0,0.0,547,42.89499879719594,47.6196044166491,14.552338530066816
21848,6.080586229914659,-3.0111593338458507,10.295544298246586,0.0,0.0,0.0,525,42.8949995850842,47.61960152438058,14.412026726057908
21948,1.03920914811777,-6.908535889697321,12.119704404523592,0.0,0.0,0.0,532,42.89499996335728,47.6196001346586,14.271714922049
22048,0.7836974925127544,-6.858428735089532,6.161011899217453,0.0,0.0,0.0,539,42.89499993170503,47.619600250972226,14.131403118040089
22149,0.909115730780701,-15.235958760901642,11.968582330414064,0.0,0.0,0.0,533,42.8949994901534,47.619601873029445,13.99109131403118
22249,2.0544117685474936,-8.989591377306445,8.57531971487143,0.0,0.0,0.0,535,42.894998639064426,47.61960499675788,13.850779510022274
22349,-0.17485646665830723,-14.550118660669977,7.383444534325214,0.0,0.0,0.0,524,42.894997379135916,47.61960961431503,13.710467706013366
22449,1.7909030917048128,-13.455571209117734,11.188503264169308,0.0,0.0,0.0,532,42.89499571140091,47.61961571410795,13.570155902004453
22550,-0.17644302455383842,-6.141527796711148,10.480433711554157,0.0,0.0,0.0,553,42.8949936372268,47.61962328082236,13.429844097995547
22650,-1.5608340343282048,-16.015669860837985,10.054642963681147,0.0,0.0,0.0,534,42.89499115831421,47.619632295461095,13.289532293986639
22750,1.3717030077682026,-9.231473658825779,8.480822989809129,0.0,0.0,0.0,524,42.89498827669565,47.6196427353918,13.149220489977731
22850,3.3435459950684026,-10.382799262908803,9.387147320302544,0.0,0.0,0.0,542,42.89498499473377,47.61965457440374,13.00890868596882
22951,-3.1918093928776514,-9.660313304023367,8.842830304104575,0.0,0.0,0.0,558,42.894981315119495,47.619667782773625,12.868596881959911
23051,0.9274425959197355,-4.571981828144449,9.668627448534648,0.0,0.0,0.0,519,42.89497724086978,47.619682327340215,12.728285077951005
23151,0.6227037309800353,-10.806362209180493,8.092517189845305,0.0,0.0,0.0,541,42.894972775325144,47.6196981715876,12.587973273942097
23251,0.9195275324042057,-17.039441137783246,8.373600645269837,0.0,0.0,0.0,540,42.89496792214693,47.619715275736844,12.447661469933184
23351,3.317091809841456,-4.047968877786401,6.708522888300362,0.0,0.0,0.0,523,42.89496268531433,47.61973359684588,12.307349665924278
23452,-2.9651904623276164,-3.7878326674761342,10.256598827398758,0.0,0.0,0.0,530,42.89495706912106,47.61975308891732,12.16703786191537
23552,-1.4776349075399697,-9.449770375711084,7.900085447452027,0.0,0.0,0.0,526,42.89495107817191,47.61977370301392,12.026726057906458
23652,-0.07296960715613679,-12.703828820904803,9.21574538696889,0.0,0.0,0.0,561,42.894944717378905,47.61979538738145,11.88641425389755
23752,-1.6904970850262309,-4.87806302623898,10.000830390639395,0.0,0.0,0.0,524,42.89493799195735,47.61981808757866,11.746102449888642
23853,6.148856256915691,-6.573622514741582,12.328859355825198,0.0,0.0,0.0,541,42.894930907421475,47.6198417466139,11.605790645879736
23953,-1.8937179964044275,-12.755071298230689,10.299296580269107,0.0,0.0,0.0,518,42.89492346957997,47.61986630508827,11.465478841870823
24053,4.000533205591483,-4.275903581949612,8.670165189664443,0.0,0.0,0.0,558,42.89491568453121,47.6198917013447,11.325167037861917
24153,1.116048232134205,-8.510376584923053,11.633598393185174,0.0,0.0,0.0,535,42.89490755865823,47.61991787162276,11.184855233853009
24253,-2.1784156303430637,0.6517924533915647,10.57346931566769,0.0,0.0,0.0,542,42.894899098623526,47.619944750218764,11.0445434298441
24354,0.4887315192667263,0.8916099052629294,13.767895353863693,0.0,0.0,0.0,531,42.894890311363575,47.619972269650695,10.90423162583519
24454,2.179412002189097,-4.54852896920972,11.099940173966493,0.0,0.0,0.0,528,42.894881204083134,47.62000036082763,10.763919821826281
24554,-5.681832174376514,-11.13032967196477,9.02197772760841,0.0,0.0,0.0,529,42.89487178424937,47.620028953223226,10.623608017817373
24654,3.036005605342627,-4.306757913943965,12.657175584032515,0.0,0.0,0.0,518,42.8948620595857,47.62005797505277,10.483296213808467
24755,-0.08865885800018747,-1.8781908443557436,10.559682118987253,0.0,0.0,0.0,520,42.89485203806549,47.62008735345338,10.342984409799554
24855,-8.664507475486706,4.162852641523085,10.074209063933697,0.0,0.0,0.0,542,42.89484172790547,47.620117014666974,10.202672605790648
24955,2.850892962651176,1.3663914282865164,9.612840481607158,0.0,0.0,0.0,546,42.89483113755908,47.62014688422545,10.06236080178174
25055,-1.2363406014124785,-4.47804883761472,9.536841303690858,0.0,0.0,0.0,539,42.89482027570944,47.620176887137596,10.05567928730512
25155,-3.441851787853606,5.248744124848096,7.337672409496371,0.0,0.0,0.0,523,42.89480915126231,47.62020694807742,10.155902004454344
25256,-3.5057105468212324,3.7522313703033023,10.889716227926534,0.0,0.0,0.0,536,42.89479777333873,47.62023699157324,10.256124721603562
25356,-3.662018711373202,3.702688523420763,7.702740343318862,0.0,0.0,0.0,547,42.89478615126759,47.62026694219718,10.356347438752783
25456,-2.786920767372138,-2.970844537847399,8.301225081591255,0.0,0.0,0.0,530,42.89477429457795,47.62029672475451,10.456570155902002
25556,-7.091364669646153,8.003411705938529,7.103303160462518,0.0,0.0,0.0,520,42.89476221299123,47.62032626447246,10.556792873051226
25657,0.5925651878551368,4.709825414387783,8.967036237024743,0.0,0.0,0.0,538,42.89474991641327,47.62035548718795,10.657015590200444
25757,-0.7277073860044334,-0.5738692817435451,13.998510975810365,0.0,0.0,0.0,542,42.89473741492615,47.620384319533756,10.757238307349663
25857,-3.4262496464269216,5.405676697495624,9.99859850633953,0.0,0.0,0.0,569,42.894724718779976,47.62041268912274,10.857461024498887
25957,-5.957776537993441,-3.5696412294683935,6.057219034993322,0.0,0.0,0.0,531,42.89471183838447,47.62044052472956,10.957683741648106
26057,-3.798868662346641,8.158366619673542,7.90661455482233,0.0,0.0,0.0,526,42.89469878430038,47.6204677564695,11.057906458797326
26158,-0.8090175630361585,0.8012789482881644,13.440440944648373,0.0,0.0,0.0,528,42.894685567230916,47.62049431597394,11.158129175946545
26258,1.0573835795751712,12.940920398669416,10.142861592964909,0.0,0.0,0.0,520,42.89467219801288,47.620520136561986,11.25835189309577
26358,-0.335412044751334,10.331795744858287,12.21789072153278,0.0,0.0,0.0,552,42.894658687607844,47.620545153407875,11.358574610244988
26458,-0.7545669683171465,5.5742977479316025,5.233439678326837,0.0,0.0,0.0,533,42.89464504709313,47.620569303703746,11.458797327394208
26559,-6.023065872818703,6.098051196902986,13.102863616519587,0.0,0.0,0.0,558,42.89463128765274,47.62059252681731,11.559020044543427
26659,-2.4827593310750355,5.209391837819653,8.579608113523454,0.0,0.0,0.0,531,42.8946174205682,47.62061476444409,11.659242761692651
26759,-7.968900693018768,6.399222003386976,6.974727745252258,0.0,0.0,0.0,550,42.89460345720928,47.6206359607538,11.75946547884187
26859,-3.643047666255501,5.576929737337164,10.2410402642507,0.0,0.0,0.0,537,42.89458940902467,47.62065606253049,11.85968819599109
26959,-2.5798825981562783,9.24738221034486,7.378922011998288,0.0,0.0,0.0,532,42.894575287532646,47.62067501930619,11.959910913140309
27060,-3.1305938424404975,12.16080753648322,14.189601478374733,0.0,0.0,0.0,551,42.894561104311556,47.620692783487584,12.060133630289533
27160,-7.213928401248209,11.310654724250606,5.259487697715587,0.0,0.0,0.0,560,42.894546870990396,47.62070931047551,12.160356347438752
27260,-4.8983775731004,11.289804429951317,9.394744341449764,0.0,0.0,0.0,535,42.8945325992392,47.62072455877694,12.260579064587972
27360,-10.779548834034241,3.981652876692457,12.819833127159722,0.0,0.0,0.0,531,42.894518300759536,47.62073849010913,12.360801781737191
27461,0.6049925472460158,7.33667585080212,9.8512333068692,0.0,0.0,0.0,529,42.89450398727489,47.620751069495775,12.461024498886415
27561,-4.788256155762821,14.315979095576932,9.180913252479833,0.0,0.0,0.0,530,42.894489670521025,47.62076226535477,12.561247216035634
27661,-8.360046378961158,12.05675348147435,6.436496449297135,0.0,0.0,0.0,544,42.89447536223641,47.62077204957754,12.661469933184854
27761,-2.5126843234486107,1.6546387043455848,11.371594903183809,0.0,0.0,0.0,538,42.894461074152574,47.62078039759959,12.761692650334073
27861,-5.298039072502208,5.225236820987396,9.99186756820771,0.0,0.0,0.0,531,42.89444681798445,47.62078728846218,12.861915367483297
27962,-2.901741608932748,14.612416615824626,16.074484970701302,0.0,0.0,0.0,567,42.89443260542083,47.62079270486496,12.962138084632516
28062,-2.149273751442556,6.737315395137529,11.691064929804966,0.0,0.0,0.0,532,42.894418448114756,47.62079663320939,13.062360801781734
28162,-9.006739198548383,18.683068326433833,7.69692220111978,0.0,0.0,0.0,545,42.89440435767395,47.62079906363287,13.162583518930958
28262,-3.7786095235246315,7.152487970556245,9.465246009456813,0.0,0.0,0.0,533,42.89439034565132,47.620799990033525,13.262806236080177
28363,-3.6300066234774686,9.876176678095845,11.220176233662375,0.0,0.0,0.0,539,42.894376423535455,47.62079941008552,13.363028953229398
28463,-5.280320590759293,9.106552359683919,7.241316686521873,0.0,0.0,0.0,530,42.89436260274127,47.62079732524487,13.463251670378616
28563,-5.002035964077855,8.041211519234897,10.51651384935113,0.0,0.0,0.0,572,42.894348894600576,47.620793740745846,13.56347438752784
28663,-3.8016492479612767,16.99126709215069,9.852007672004612,0.0,0.0,0.0,551,42.89433531035282,47.62078866558775,13.663697104677059
28763,-5.261737502290598,13.321142197150976,9.211119785082772,0.0,0.0,0.0,533,42.89432186113588,47.6207821125124,13.76391982182628
28864,-4.368358963109708,13.490730866011724,8.85715523513161,0.0,0.0,0.0,548,42.894308557976906,47.6207740979721,13.864142538975498
28964,-5.595720583228308,14.223565502653425,7.82323743714036,0.0,0.0,0.0,555,42.894295411783304,47.62076464208833,13.964365256124722
29064,-6.03200753261334,13.097482712171683,10.509573712200707,0.0,0.0,0.0,545,42.894282433333785,47.62075376860126,14.064587973273941
29164,-6.3311350072635175,1.8991945962185275,10.493819710158954,0.0,0.0,0.0,538,42.894269633269516,47.6207415048101,14.164810690423161
29265,-7.426176529473488,9.41065078797135,8.96018773612161,0.0,0.0,0.0,548,42.8942570220854,47.620727881504614,14.26503340757238
29365,-2.5740033374983473,11.41902431154948,6.256321403759808,0.0,0.0,0.0,527,42.89424461012149,47.62071293288778,14.365256124721604
29465,-5.767457597963878,5.670601442548918,7.819546885854228,0.0,0.0,0.0,540,42.89423240755449,47.62069669648993,14.465478841870823
29565,-7.275533754079228,15.524105978346395,8.097137944324261,0.0,0.0,0.0,560,42.89422042438941,47.620679213074546,14.565701559020043
29665,-7.079604171381778,5.514487753417619,9.874219656753155,0.0,0.0,0.0,563,42.894208670451384,47.62066052653588,14.665924276169262
29766,-3.652809563571884,6.410054784149869,10.358353354886535,0.0,0.0,0.0,566,42.89419715537758,47.62064068378879,14.766146993318486
29866,-2.9772684631584787,9.43091617459055,4.844772161228543,0.0,0.0,0.0,525,42.89418588860934,47.62061973465093,14.866369710467705
29966,-4.076619120207905,1.7063269487366695,8.953284016711603,0.0,0.0,0.0,573,42.89417487938441,47.62059773171767,14.966592427616925
30066,-3.3063089540417705,6.312556191280834,8.71509403733899,0.0,0.0,0.0,546,42.894164136729366,47.620574730230096,15.066815144766148
30167,3.9379546386767084,-1.7427440573102544,8.289150604077655,0.0,0.0,0.0,532,42.89415366945222,47.62055078793625,15.167037861915368
30267,-3.5367180835421155,11.897303426809232,9.527829479852011,0.0,0.0,0.0,557,42.89414348613523,47.62052596494622,15.267260579064587
30367,0.87220165919625,8.546920881972403,13.641322828896875,0.0,0.0,0.0,568,42.89413359512778,47.62050032358115,15.367483296213805
30467,-5.150411532450127,3.627263052060237,9.34303248626752,0.0,0.0,0.0,548,42.89412400453962,47.620473928216846,15.46770601336303
30567,0.7257958810766545,-1.4516287564707469,6.332039836816492,0.0,0.0,0.0,524,42.894114722234185,47.62044684512211,15.567928730512248
30668,-3.6787502688976215,9.357441574131665,8.465259692467102,0.0,0.0,0.0,561,42.89410575582213,47.620419142292384,15.668151447661469
30768,-0.45132853688087815,-5.134606368687985,8.797388788295809,0.0,0.0,0.0,535,42.894097112655125,47.62039088927902,15.768374164810687
30868,0.14133521045204667,2.344167329568036,10.890359612889824,0.0,0.0,0.0,552,42.89408879981978,47.620362157014675,15.868596881959911
30968,-4.240612584927723,4.438148351199338,13.941640226326829,0.0,0.0,0.0,531,42.894080824131876,47.620333017635225,15.96881959910913
31069,-0.24733546869002287,-3.1146732166273843,11.775283639332645,0.0,0.0,0.0,548,42.89407319213078,47.62030354429867,16.06904231625835
31169,-3.291706348918858,1.4837851520938918,11.480325158519225,0.0,0.0,0.0,544,42.89406591007405,47.62027381100144,16.16926503340757
31269,3.4559257437698165,8.454672706940373,9.641096017147271,0.0,0.0,0.0,539,42.894058983932304,47.62024389239262,16.26948775055679
31369,-3.0789807874115045,4.908382761323551,11.50467349090778,0.0,0.0,0.0,536,42.89405241938438,47.620213863586564,16.369710467706014
31469,-4.112896609886106,2.3351851510353523,10.13648094835844,0.0,0.0,0.0,538,42.894046221812616,47.620183799974264,16.469933184855233
31570,-3.775947244103496,-2.276185921090642,8.670233920248931,0.0,0.0,0.0,545,42.894040396298465,47.620153777034126,16.57015590200445
31670,-2.865830531620877,-1.0806784303106391,11.006049326842268,0.0,0.0,0.0,540,42.89403494761833,47.620123870142415,16.670378619153674
31770,0.4211243590342135,-11.045031185304419,13.40004791588371,0.0,0.0,0.0,557,42.89402988023964,47.62009415438406,16.770601336302896
31870,-1.8682630357131411,9.25880952950327,11.033449883496578,0.0,0.0,0.0,539,42.894025198317195,47.620064704364125,16.870824053452115
31971,-4.040096277628697,-3.442788928551097,12.961012413791186,0.0,0.0,0.0,545,42.89402090568976,47.6200355940205,16.971046770601333
32071,-2.0491196327648855,-2.659369834409164,8.783133315665197,0.0,0.0,0.0,568,42.8940170058769,47.62000689643828,17.071269487750556
32171,-0.8446307686736478,-2.79834545035482,9.246871794612677,0.0,0.0,0.0,553,42.89401350207611,47.61997868366627,17.171492204899778
32271,0.5922076335412212,-5.95569865711351,10.20234156274179,0.0,0.0,0.0,516,42.8940103971602,47.619951026536086,17.271714922048996
32371,3.6747662123351623,-3.9602263135468294,10.0411223241046,0.0,0.0,0.0,530,42.89400769367492,47.61992399448437,17.37193763919822
32472,-3.75217620088242,-0.13466933150305138,9.09697806899737,0.0,0.0,0.0,544,42.89400539383689,47.619897655378395,17.472160356347437
32572,0.3300455155197777,-5.85657719074393,7.895206825517746,0.0,0.0,0.0,546,42.89400349953178,47.61987207534572,17.572383073496656
32672,-4.25596371416567,-1.5935691904788571,7.06462391471514,0.0,0.0,0.0,560,42.894002012312725,47.619847318608166,17.67260579064588
32772,-2.230898488649906,-10.760415679862087,12.352323324087735,0.0,0.0,0.0,572,42.89400093339914,47.61982344732056,17.7728285077951
32873,2.829018310632302,-13.724351531301389,12.52950165501565,0.0,0.0,0.0,566,42.89400026367562,47.6198005214147,17.87305122494432
32973,-0.37021378255344556,-6.034611944541343,8.568242623046356,0.0,0.0,0.0,531,42.89400000369129,47.619778598448896,17.973273942093538
33073,-8.12955168343047,-6.611681770228737,8.78655387698688,0.0,0.0,0.0,523,42.894000153659306,47.61975773346344,18.07349665924276
33173,-4.166710839533885,-13.625730533974162,6.877979786293828,0.0,0.0,0.0,565,42.89400071345671,47.61973797884244,18.17371937639198
33273,-0.7507741138579097,-3.655877724531816,6.964972459624255,0.0,0.0,0.0,561,42.89400168262453,47.61971938418229,18.273942093541198
33374,-0.038747977254596,-2.7878706542093186,7.415333659885441,0.0,0.0,0.0,537,42.89400306036811,47.61970199616718,18.374164810690424
33474,-1.9110152201875017,-6.19342278550984,11.931953718422514,0.0,0.0,0.0,555,42.89400484555784,47.61968585845186,18.474387527839646
33574,-2.7571001837683844,-7.187904903517288,8.330581613013765,0.0,0.0,0.0,567,42.894007036730024,47.61967101155203,18.574610244988865
33674,-0.9247204941443765,-4.477355276845754,8.64138226847588,0.0,0.0,0.0,563,42.894009632088085,47.619657492742675,18.674832962138083
33775,-0.7672368897270716,-10.07162931381741,9.284809394799089,0.0,0.0,0.0,551,42.894012629504076,47.619645335964414,18.775055679287302
33875,-2.0555798843569404,-9.616868462545657,8.342657995484055,0.0,0.0,0.0,563,42.894016026520376,47.61963457173833,18.875278396436524
33975,-0.9875723153475593,-8.094368867163052,7.886080974342758,0.0,0.0,0.0,550,42.89401982035173,47.619625227089344,18.975501113585743
34075,0.5294841249359177,-8.63312720557845,8.023289431982313,0.0,0.0,0.0,547,42.894024007887545,47.61961732547834,19.07572383073496
34175,1.4578970382491567,-9.75613355168393,11.79006801839628,0.0,0.0,0.0,536,42.89402858569441,47.619610886743274,19.175946547884188
34276,1.6228567893017314,-9.890046216285942,7.905413013224725,0.0,0.0,0.0,566,42.89403355001893,47.6196059270494,19.27616926503341
34376,1.8471899698150958,-3.975202918716654,9.846180751402683,0.0,0.0,0.0,567,42.8940388967908,47.619602458848625,19.37639198218263
34476,2.059831607868641,-8.799990404651492,9.81790402525121,0.0,0.0,0.0,559,42.89404462162616,47.6196004908483,19.476614699331847
34576,4.088999337148908,-10.497783696417818,9.247525322405375,0.0,0.0,0.0,569,42.894050719831135,47.61960002798932,19.576837416481066
34677,0.8728068919301912,-7.773314385367646,11.413626232250596,0.0,0.0,0.0,541,42.89405718640575,47.61960107143376,19.677060133630285
34777,2.234930300918068,-14.731525581413685,7.198927994090335,0.0,0.0,0.0,541,42.894064016048,47.619603618561925,19.777282850779507
34877,5.467220313791884,-22.349082713942195,9.249424633369134,0.0,0.0,0.0,553,42.89407120315818,47.619607662978936,19.877505567928733
34977,6.886493040949458,-11.965241712560601,9.22400422379111,0.0,0.0,0.0,553,42.894078741843494,47.619613194530785,19.97772828507795
35077,6.585992873933394,-9.828437946179166,8.36276703950574,0.0,0.0,0.0,549,42.894086625922895,47.61962019932983,19.844097995545656
35178,2.357255615391331,-6.61905876326041,9.01486945237049,0.0,0.0,0.0,549,42.894094848932156,47.61962865978966,19.64365256124722
35278,8.106271255728238,-14.85453428684947,8.44598512001335,0.0,0.0,0.0,545,42.894103404129126,47.619638554669265,19.443207126948778
35378,6.1860103894973895,-6.048266994921276,9.353529571197871,0.0,0.0,0.0,569,42.89411228449932,47.61964985912632,19.24276169265034
35478,4.2417934969781435,-7.31112885199782,10.842921688296673,0.0,0.0,0.0,556,42.89412148276162,47.6196625447796,19.0423162583519
35579,7.423887334800121,-10.364256497162396,10.395098542498024,0.0,0.0,0.0,534,42.89413099137427,47.619676579780226,18.841870824053462
35679,1.3377864741720318,-5.062159960216521,9.81624630250552,0.0,0.0,0.0,582,42.89414080254106,47.61969192889159,18.641425389755007
35779,4.6088121646419395,-12.371528424945415,10.324950133943334,0.0,0.0,0.0,559,42.89415090821771,47.61970855357787,18.44097995545657
35879,3.066362138983031,-8.134245021678217,8.846389612606101,0.0,0.0,0.0,558,42.89416130011846,47.61972641210075,18.24053452115813
35979,1.1538251711273628,-7.328076401701242,8.568625412544318,0.0,0.0,0.0,539,42.8941719697229,47.61974545962422,18.04008908685969
36080,2.5491334368804566,-13.524668188429374,5.661937790378528,0.0,0.0,0.0,550,42.89418290828287,47.619765648327125,17.83964365256125
36180,1.9224167293131318,-2.528792262973109,11.751223935743178,0.0,0.0,0.0,556,42.894194106829765,47.61978692752324,17.639198218262813
36280,4.514902585611861,-8.343585435685032,10.891692388129401,0.0,0.0,0.0,549,42.89420555618175,47.61980924378855,17.438752783964375
36380,7.629756417833882,-0.845556361753574,7.962441242075442,0.0,0.0,0.0,538,42.894217246951385,47.61983254109531,17.23830734966592
36481,4.382959159152256,-1.1267838044567409,6.32163062109144,0.0,0.0,0.0,554,42.89422916955329,47.619856760952786,17.03786191536748
36581,8.803672605539333,-4.1335048722220655,9.438694495119796,0.0,0.0,0.0,536,42.89424131421199,47.619881842554044,16.83741648106904
36681,7.322974830968722,-7.603930992763712,11.858774159694784,0.0,0.0,0.0,542,42.894253670969945,47.61990772292864,16.636971046770604
36781,6.250193662365021,0.21631112967735078,6.89821383314054,0.0,0.0,0.0,534,42.894266229695724,47.619934337100716,16.436525612472163
36881,6.222229941203647,3.8767700103973715,8.469281143111838,0.0,0.0,0.0,540,42.89427898009229,47.619961618252134,16.236080178173726
36982,5.082866057362443,-0.0738909864991939,4.798705728531714,0.0,0.0,0.0,550,42.894291911705444,47.6199894978902,16.035634743875285
37082,1.3213051625964107,-0.3163560482487946,8.179799217896047,0.0,0.0,0.0,543,42.89430501393244,47.620017906019676,15.835189309576846
37182,2.8633295618760246,-3.33981598261515,12.597986733673292,0.0,0.0,0.0,580,42.8943182760306,47.62004677131845,15.634743875278392
37282,2.547317025345595,-0.5863527240892454,7.065606434794487,0.0,0.0,0.0,521,42.894331687126204,47.62007602131664,15.434298440979953
37383,2.1376434815590266,-6.000743454944141,8.303520552192744,0.0,0.0,0.0,550,42.89434523622334,47.620105582578546,15.233853006681514
37483,2.9951882592925276,2.7237553164296466,11.07448935686791,0.0,0.0,0.0,531,42.89435891221296,47.620135380886985,15.033407572383075
37583,5.113545825395259,-1.8561870946033427,8.685455580100571,0.0,0.0,0.0,555,42.89437270388197,47.62016534142964,14.832962138084637
37683,0.47164878645426267,-2.50395180081369,9.460253439014258,0.0,0.0,0.0,567,42.89438659992244,47.62019538898689,14.632516703786198
37783,1.786114431746845,3.5620180053595294,10.527040343037465,0.0,0.0,0.0,545,42.89440058894085,47.620225448120664,14.432071269487759
37884,4.464343015964247,1.3465285566348513,9.074605208038708,0.0,0.0,0.0,542,42.89441465946746,47.6202554433638,14.23162583518932
37984,4.721844386966645,-1.8911023141555336,13.151937898984722,0.0,0.0,0.0,541,42.89442879996569,47.62028529940956,14.031180400890866
38084,7.119523733243263,5.22499108998933,8.805952053140114,0.0,0.0,0.0,538,42.89444299884158,47.620314941300684,13.830734966592427
38184,9.74153850433984,1.9062722941588897,6.804363267278645,0.0,0.0,0.0,572,42.89445724445335,47.620344294617546,13.630289532293988
38285,2.1951611131158355,10.56402075544327,8.454930478619541,0.0,0.0,0.0,568,42.89447152512085,47.62037328566506,13.429844097995549
38385,4.075123127675743,6.270933734573113,11.070682210115441,0.0,0.0,0.0,542,42.8944858291352,47.620401841657625,13.22939866369711
38485,0.028064054713192732,12.83139701618861,8.68077638803601,0.0,0.0,0.0,547,42.8945001447684,47.62042989090192,13.02895322939867
38585,4.315403395304112,5.007213995644401,8.428862672635654,0.0,0.0,0.0,537,42.894514460282906,47.620457362976865,12.828507795100231
38685,4.673042333436842,2.5835252979221544,3.707483167740822,0.0,0.0,0.0,558,42.89452876394127,47.62048418891046,12.628062360801778
38786,4.158414685998796,6.581397637300157,10.924410851209402,0.0,0.0,0.0,519,42.89454304401576,47.62051030135289,12.427616926503338
38886,5.222059445186055,2.4220866746007834,11.179337864503792,0.0,0.0,0.0,564,42.89455728879801,47.62053563474566,12.2271714922049
38986,3.7307556505960973,6.128200868973266,8.476321139924206,0.0,0.0,0.0,535,42.894571486608555,47.620560125486186,12.02672605790646
39086,5.598924984541798,5.408131895071655,8.538847641999878,0.0,0.0,0.0,544,42.89458562580646,47.620583712087445,11.826280623608021
39187,11.77844115034234,6.119847906819047,10.467415733042966,0.0,0.0,0.0,514,42.89459969479884,47.62060633533239,11.625835189309582
39287,2.009830136512247,12.202214606258774,13.801985482908176,0.0,0.0,0.0,544,42.89461368205039,47.62062793842257,11.425389755011143
39387,11.271121498214114,11.670259205697391,10.005815081966396,0.0,0.0,0.0,536,42.89462757609281,47.620648467120795,11.224944320712703
39487,4.378316954132102,4.49936038194507,10.239824513427406,0.0,0.0,0.0,522,42.89464136553421,47.62066786988723,11.02449888641425
39587,1.164753018306206,3.833325072566641,8.998791484207318,0.0,0.0,0.0,525,42.89465503906849,47.62068609800885,10.82405345211581
39688,2.2975269508962217,4.896054232030906,13.249978550472242,0.0,0.0,0.0,541,42.894668585484574,47.620703105721724,10.623608017817372
39788,2.930716200375238,5.898671511818787,10.362079487852622,0.0,0.0,0.0,527,42.894681993675604,47.62071885032589,10.423162583518932
39888,2.5891816957492626,5.621840416975555,9.166774897229365,0.0,0.0,0.0,532,42.89469525264807,47.6207332922926,10.222717149220495
39988,1.9536648276370936,3.720551601097669,8.761193146713623,0.0,0.0,0.0,536,42.89470835153078,47.620746395363504,10.022271714922056
40089,4.6053938535643155,7.633640902004237,6.90656156968083,0.0,0.0,0.0,519,42.894721279583834,47.620758126641746,9.821826280623617
40189,-1.7846036918372548,6.702321594214332,10.718459732930697,0.0,0.0,0.0,497,42.89473402620738,47.62076845667451,9.621380846325177
40289,1.038770968852849,10.2523991077597,13.385729446579008,0.0,0.0,0.0,531,42.894746580950326,47.62077735952698,9.420935412026724
40389,3.5808395010648404,10.694871477680708,12.152170302313866,0.0,0.0,0.0,518,42.894758933518894,47.620784812847454,9.220489977728285
40489,-0.34130438352795833,11.5260064627799,7.482329064411955,0.0,0.0,0.0,516,42.89477107378509,47.62079079792345,9.020044543429846
40590,3.6299680233858598,3.3310900960716747,6.931299469839258,0.0,0.0,0.0,533,42.89478299179497,47.62079529972869,8.819599109131406
40690,0.7925717004440904,6.948349564087758,11.448453646137105,0.0,0.0,0.0,518,42.89479467777684,47.62079830696086,8.619153674832967
40790,2.4074427752182315,4.085098608890775,8.23571666599706,0.0,0.0,0.0,522,42.89480612214923,47.620799812069926,8.418708240534528
40890,-0.627979690607074,4.846506262918641,11.117190037358471,0.0,0.0,0.0,530,42.894817315528776,47.62079981127712,8.218262806236089
40991,4.153082778261851,12.46216716272497,6.701048636960589,0.0,0.0,0.0,534,42.894828248737916,47.62079830458444,8.017817371937635
41091,-0.6916898732142516,6.675213871938164,9.551188753027166,0.0,0.0,0.0,558,42.89483891281238,47.62079529577462,7.817371937639196
41191,0.022094501891725793,7.421460922790479,9.522173993643957,0.0,0.0,0.0,537,42.89484929900859,47.62079079240165,7.616926503340757
41291,-0.16949678482143216,8.589154503600374,8.78893567366752,0.0,0.0,0.0,531,42.89485939881079,47.6207848057718,7.416481069042318
41391,0.10087480386009817,9.72624798659219,10.733638846815463,0.0,0.0,0.0,534,42.894869203938036,47.62077735091523,7.2160356347438785
41492,3.6435448404304895,9.689507491402757,8.316164447005926,0.0,0.0,0.0,528,42.894878706351,47.62076844654829,7.01559020044544
41592,-0.2928339644586697,14.767825873483993,11.330418757328722,0.0,0.0,0.0,527,42.89488789825856,47.620758115026476,6.815144766147001
41692,3.2533247182065885,5.674386327956071,6.313485914860962,0.0,0.0,0.0,534,42.89489677212417,47.62074638228834,6.614699331848562
41792,0.6349304502745252,13.250723618902102,8.72676877198981,0.0,0.0,0.0,508,42.894905320672045,47.620733277790364,6.414253897550108
41893,-5.295445934267455,3.7310128009190944,9.14641281193733,0.0,0.0,0.0,551,42.89491353689315,47.620718834433006,6.213808463251669
41993,-6.1495110371174055,11.417932832331932,12.254780026847982,0.0,0.0,0.0,549,42.894921414050906,47.62070308847809,6.01336302895323
42093,1.2767107104156503,11.539411282716646,11.250415226551485,0.0,0.0,0.0,529,42.89492894568675,47.620686079457755,5.812917594654791
42193,-2.122342117108949,5.92594008283828,10.477386497739644,0.0,0.0,0.0,522,42.894936125625414,47.62066785007524,5.612472160356352
42293,1.7588610438452608,3.5840938040973858,11.074245510114313,0.0,0.0,0.0,518,42.89494294797999,47.62064844609766,5.4120267260579125
42394,1.1673821986675845,8.168695403958674,8.045254101783357,0.0,0.0,0.0,526,42.89494940715676,47.62062791624108,5.211581291759473
42494,-3.009900478778948,10.030026286745787,6.455117890426027,0.0,0.0,0.0,552,42.89495549785976,47.62060631204822,5.011135857461035
42594,-1.9721979530527667,2.42514489736715,9.566878960139274,0.0,0.0,0.0,518,42.89496121509518,47.62058368775906,4.810690423162581
42694,5.344264652847024,4.388101738341319,9.9523431640672,0.0,0.0,0.0,530,42.894966554175376,47.62056010017466,4.6102449888641415
42795,-1.774877505541308,12.00153239428435,10.263905925971912,0.0,0.0,0.0,527,42.89497151072279,47.620535608514544,4.409799554565703
42895,0.36361799391778216,5.507894411755436,6.8420722310326845,0.0,0.0,0.0,543,42.894976080673494,47.62051027426804,4.209354120267264
42995,2.0732042579410064,9.415552001069297,7.762853022868896,0.0,0.0,0.0,510,42.89498026028053,47.620484161039876,4.008908685968825
43095,-2.3238725247956182,-3.468393763849578,6.8066724106141745,0.0,0.0,0.0,511,42.89498404611701,47.62045733439053,3.8084632516703856
43195,3.370217745158847,1.155313783207112,6.285592953643783,0.0,0.0,0.0,503,42.89498743507887,47.62042986167158,3.6080178173719464
43296,0.21619259512433509,7.404684252191313,11.181807294845813,0.0,0.0,0.0,502,42.894990424387466,47.62040181185668,3.407572383073493
43396,-2.516396380260281,0.04794355866478828,6.545173322212216,0.0,0.0,0.0,510,42.894993011591836,47.620373255368335,3.2071269487750538
43496,-3.5755761406770197,7.264715520435919,8.041579441901842,0.0,0.0,0.0,516,42.8949951945707,47.6203442639011,3.0066815144766146
43596,-8.36571195178266,-0.5293546385961898,10.661920375322087,0.0,0.0,0.0,516,42.89499697153421,47.62031491024163,2.806236080178176
43697,-5.026774567922212,-0.5230080998860465,9.649324995677281,0.0,0.0,0.0,540,42.89499834102542,47.62028526808588,2.6057906458797366
43797,-0.4203748620135035,-3.366973104946219,7.211294864464975,0.0,0.0,0.0,520,42.894999301921466,47.62025541185413,2.4053452115812974
43897,-2.1645634002616414,-2.5836245994224925,8.12009712831227,0.0,0.0,0.0,500,42.8949998534345,47.62022541650412,2.2048997772828587
43997,2.2307149866985725,-3.4552187206091687,11.315567317645813,0.0,0.0,0.0,524,42.89499999511232,47.62019535734285,2.0044543429844195
44097,3.6633267320976497,0.014712709629841947,9.405167237094203,0.0,0.0,0.0,516,42.89499972683878,47.620165309837546,1.8040089086859659
44198,-8.396144017957392,-7.566285557379756,8.08085903253262,0.0,0.0,0.0,494,42.89499904883383,47.62013534942615,1.6035634743875267
44298,-2.346820372966972,-7.232394757407811,13.228393001764692,0.0,0.0,0.0,506,42.89499796165338,47.62010555132796,1.4031180400890877
44398,-4.673554227328148,-4.5876762970277225,9.41709631877099,0.0,0.0,0.0,491,42.894996466188815,47.62007599035476,1.2026726057906485
44498,-4.610385458842903,1.5510063341779055,9.888771113492705,0.0,0.0,0.0,501,42.89499456366628,47.620046740723005,1.0022271714922095
44599,-2.2171500307652696,-6.47129663507486,9.917064035492508,0.0,0.0,0.0,489,42.89499225564568,47.62001787586749,0.8017817371937704
44699,0.031245866992049454,-8.326275846415264,10.721082064487183,0.0,0.0,0.0,507,42.89498954401938,47.619989468256975,0.6013363028953314
44799,1.6671573416131222,-8.75506463663895,11.880423735663864,0.0,0.0,0.0,520,42.894986431010686,47.61996158921226,0.40089086859689227
44899,-6.1375686449200275,-9.0266250641568,12.324172118400256,0.0,0.0,0.0,512,42.894982919171966,47.6199343087271,0.20044543429843867
45000,-4.046023325160624,-1.388684399798425,10.594508883836513,0.0,0.0,0.0,533,42.89497901138263,47.61990769529252,0.0
